Customer_ID,Customer_Name,Email,Phone,City,State,Signup_Date,Email_Valid,Phone_Valid,Missing_Email,Missing_Phone
1001,Rahul Sharma,rahul.sharma@gmail.com,9876543210,Mumbai,Maharashtra,2025-01-12,True,True,False,False
1002,Priya Verma,priya.verma@gmail.com,9876543211,Mumbai,Maharashtra,,True,True,False,False
1003,Amit Kumar,,9876543212,Delhi,Delhi,,False,True,True,False
1004,Sneha Patil,sneha.patil@gmail.com,9876543213,Pune,Maharashtra,,True,True,False,False
1005,Amit Kumar,,9876543212,Delhi,Delhi,,False,True,True,False
1006,Rohit Singh,rohit.singh@gmail.com,9876543215,Bengaluru,Karnataka,,True,True,False,False
1007,Neha Gupta,neha.gupta@gmail,9876543216,Jaipur,Rajasthan,2025-01-23,False,True,False,False
1008,Anjali Mehta,anjali.mehta@gmail.com,9876543217,Pune,Maharashtra,2025-01-24,True,True,False,False
1009,Vikas Joshi,vikas.joshi@gmail.com,,Nashik,Maharashtra,2025-01-25,True,False,False,True
1010,Karan Shah,karan.shah@gmail.com,9876543219,Ahmedabad,Gujarat,,True,True,False,False
